SUE GRAFTON,22
W. BRUCE CAMERON,2
KIMBERLA LAWSON ROBY,3
PATRICIA CORNWELL,25
FRANK HERBERT,3
SANDRA BROWN,40
JOHN JAKES,7
SEBASTIAN FAULKS,2
E.B. WHITE,1
KENDALL HART,1
SUSAN ERTZ,3
ALICE MCDERMOTT,4
PETER MAYLE,5
KAYE GIBBONS,1
R. A. SALVATORE,21
ROBERT CRAIS,13
ERIC JEROME DICKEY,11
NORA ROBERTS,38
LAUREN WEISBERGER,6
RANDY WAYNE WHITE,15
KAREN KINGSBURY,13
MICHAEL CONNELLY,28
IRIS JOHANSEN,30
NICO WALKER,1
JAMES A. MICHENER,16
MAEVE BINCHY,14
RICHARD LLEWELLYN,4
TOM ROB SMITH,1
DANIELLE STEEL,116
VARDIS FISHER,2
DAVIS GRUBB,2
BARBARA HAMBLY,2
ELIZABETH PETERS,9
KAY HOOPER,7
RUMER GODDEN,11
LISA SEE,6
A. A. MILNE,2
JOANNE FLUKE,12
CHUCK PALAHNIUK,13
DIANE MOTT DAVIDSON,10
HARRY MARK PETRAKIS,2
STUART WOODS,63
JOHN DOS PASSOS,5
VERONICA ROTH,1
JOHN SANDFORD,44
PIETRO DI DONATO,1
ANNE RICE,24
STEPHEN KING,54
W. SOMERSET MAUGHAM,5
WILLIAM FAULKNER,8
DEBBIE MACOMBER,36
CATHERINE MARSHALL,2
ROBIN COOK,28
HEATHER MORRIS,1
JAMES LEE BURKE,23
JOHN D. MACDONALD,8
MADELINE MILLER,1
PAULA MCLAIN,3
JOHN O'HARA,20
PAULA MCLAIN,1
ALISTAIR MACLEAN,15
PHILLIP GIBBS,2
CORMAC MCCARTHY,5
HOWARD FAST,10
DOUGLAS PRESTON AND LINCOLN CHILD,20
ELIZABETH GILBERT,2
E. L. DOCTOROW,6
JOHN RECHY,1
JOYCE CARY,5
GARTH RISK HALLBERG,1
PIERRE LA MURE,3
ETHEL BOILEAU,2
RONA JAFFE,4
ROBERT GRAVES,2
J. A. JANCE,23
RITA MAE BROWN AND SNEAKY PIE BROWN,8
LAWRENCE DURRELL,5
TOM  CLANCY,1
TOM CLANCY,13
GEORGE R. R. MARTIN,5
HELEN MACINNES,18
JAMES LUCENO,7
ANNE TYLER,16
CARSON MCCULLERS,1
W. E. B. GRIFFIN,23
IRIS JOHANSEN AND ROY JOHANSEN,2
MARGERY SHARP,10
BARBARA DELINSKY,14
JERZY KOSINISKI,1
WILLIAM PEARSON,1
BRAD THOR,15
KEN FOLLETT,22
GEORGE HIGGINS,1
TAMI HOAG,15
JIM BUTCHER,14
DEAN R. KOONTZ,8
JACK HIGGINS,32
CHARLES FRAZIER,4
GLADYS HASTY CARROLL,3
ROBERT B. PARKER,47
C. J. BOX,11
WALLACE STEGNER,4
ANNE RIVERS SIDDONS,14
HARUKI MURAKAMI,6
NGAIO MARSH,3
PHYLLIS WHITNEY,1
LARRY MCMURTRY,13
EDNA FERBER,7
LISA SCOTTOLINE,25
ALLEN DRURY,7
CYNTHIA FREEMAN,7
JAN KARON,13
JULIE GARWOOD,20
DICK FRANCIS,23
LEONARD DROHAN,1
SPENCER QUINN,2
PEARL S. BUCK,21
JEFFREY ARCHER,22
PETER DE VRIES,5
LESTER COHEN,1
ROSAMUNDE PILCHER,5
TOM CLANCY WITH MARK GREANEY,3
WILLIAM WISTER HAINES,1
ROBERT STONE,3
C. S. FORESTER,4
ANN PATCHETT,4
JOSEPH FINDER,9
JONATHAN KELLERMAN,36
MEYER LEVIN,4
J. D. ROBB,27
ADÈLE LANG,1
HAROLD LAMB,1
JACKIE COLLINS,22
THOMAS MANN,7
TERRY GOODKIND,14
GLADYS SCHMITT,3
MICHAEL CRICHTON,17
STUART CLOETE,1
J.D. ROBB,7
VINCE FLYNN,11
HARRIET DOERR,1
CARL SAGAN,1
LORRIE MOORE,3
FLETCHER KNEBEL AND CHARLES W. BAILEY II,2
AARON ALLSTON,4
RICHARD NORTH PATTERSON,15
KARIN SLAUGHTER,15
JAYNE ANN KRENTZ,22
JOHN MASTERS,6
OAKLEY HALL,2
CLIVE CUSSLER AND JACK DU BRUL,3
AMOR TOWLES,2
SOMERSET MAUGHAM,3
ANGELA THIRKELL,6
MARGUERITE YOURCENAR,2
JOHN UPDIKE,19
LINDA HOWARD,16
CHRISTINE FEEHAN,19
W. E. B. GRIFFIN AND WILLIAM E. BUTTERWORTH IV,12
TONY HILLERMAN,12
JAMES PATTERSON,33
LISA GARDNER,16
GORE VIDAL,13
W SOMERSET MAUGHAN,1
DEE BROWN,1
KATE ATKINSON,4
BELVA PLAIN,15
CLIVE CUSSLER AND DIRK CUSSLER,8
JESSAMYN WEST,7
JONATHAN KELLERMAN AND JESSE KELLERMAN,2
DENNIS WHEATLEY AND J. H. LINKS,2
LAURELL K. HAMILTON,28
DON TRACY,1
LEON URIS,11
EVAN JOHN,1
KATHY REICHS,18
THERESE ANNE FOWLER,2
WM. PAUL YOUNG,1
DICK FRANCIS AND FELIX FRANCIS,4
ROBERT JORDAN,10
BARRY LOPEZ. ILLUSTRATED BY TOM POHRT,1
FERN MICHAELS,8
THOMAS TRYON,3
JAMES ROLLINS,13
PATRICIA D. CORNWELL,2
ALAN PATON,3
NEAL STEPHENSON,8
AMANDA QUICK,23
STEPHEN COONTS,10
ELMORE LEONARD,17
STEP HEN KING,1
JANET EVANOVICH AND PHOEF SUTTON,2
VICTORIA HOLT,15
CAROL HIGGINS CLARK,4
AGATHA CHRISTIE,10
F. VAN WYCK MASON,10
CLIVE CUSSLER,14
MARY HIGGINS CLARK,40
TAYLOR JENKINS REID,1
ELIZABETH JANEWAY,3
DR. SEUSS,3
LOUISE PENNY,10
JOHN LESCROART,13
JOSEPHINE HART,1
JOEL C. ROSENBERG,9
ANNE MCCAFFREY,11
ANTON MYRER,2
KIRK DOUGLAS,1
PHYLLIS BOTTOME,3
DIANA PALMER,5
JANET EVANOVICH,34
BARBARA TAYLOR BRADFORD,23
JOHN FOWLES,6
ALBERT CAMUS,4
PIERCE BROWN,4
SALLY BEAUMAN,2
ANNE PERRY,8
TIMOTHY ZAHN,11
FLETCHER KNEBEL,3
MICHAEL PALMER,9
BLAKE CROUCH,2
DIANE DUANE,2
ALAN FURST,7
SUZANNE BROCKMANN,12
DEAN KOONTZ,40
MAURICE WALSH,3
DAVE EGGERS,4
SHERRILYN KENYON,16
LARA ADRIAN,1
JOHN SAUL,4
KEVIN J. ANDERSON,2
DREW KARPYSHYN,3
MICHAEL REAVES,1
MARY HIGGINS CLARK AND CAROL HIGGINS CLARK,5
ISABEL ALLENDE,12
MORRIS L. WEST,4
MARJORIE HOUSEPIAN,1
MARY ELLEN CHASE,7
ALLAN FOLSOM,2
DALE BROWN,9
CHARLAINE HARRIS,15
DAVID BALDACCI,42
KONSTANTINE SIMONOV,1
NEWT GINGRICH AND WILLIAM R. FORSTCHEN,3
ROBERT LEWIS TAYLOR,2
JUDITH KRANTZ,9
JAMES MCBRIDE,1
PATRICIA BRIGGS,12
TOM CLANCY AND GRANT BLACKWOOD,1
TOM CLANCY WITH GRANT BLACKWOOD,1
GREG ILES,11
STEPHEN HUNTER,6
KURT VONNEGUT,9
LINDA FAIRSTEIN,16
CATHERINE COULTER,23
RICHARD CASTLE,7
TAYLOR CALDWELL,27
ANN NAPOLITANO,1
NICHOLAS SPARKS,21
ALICE MUNRO,2
WILHELM GRIMM,1
SYBILLE BEDFORD,1
ANNE MORROW LINDBERGH,2
ROBERT MOSS,2
P. D. JAMES,9
ELIZABETH LOWELL,14
OTTESSA MOSHFEGH,2
JOHN LE CARRÉ,22
BERNARD CORNWELL,13
GEORGE P. GARRETT,1
NANCY GRACE,2
L. RON HUBBARD,11
MICHAEL REAVES AND STEVE PERRY,1
JOE SCHREIBER,1
JACQUELINE WINSPEAR,12
EDITED BY CHARLAINE HARRIS AND TONI L. P. KELNER,1
MARIAN CASTLE,1
PAUL S. KEMP,1
MARTIN CRUZ SMITH,7
PHILIP ROTH,12
ELIZABETH GEORGE,14
JUDITH MICHAEL,10
ROBERT RYLEE,1
MARY KAY ANDREWS,11
NEVADA BARR,11
JAMES PATTERSON AND MAXINE PAETRO,22
MARY ROBERTS RINEHART.,1
LINCOLN CHILD,5
WILLIAM LANDAY,1
RUTH REICHL,1
MARCUS GOODRICH,1
GREGORY MAGUIRE,3
JAMES DICKEY,1
ANAIS NIN,1
EUDORA WELTY,5
FREDERIC WAKEMAN,3
JOAN DIDION,4
DAVID EDDINGS,11
ADRIA LOCKE LANGLEY,1
CRAIG JOHNSON,10
IRVING STONE,12
JAMES SIEGEL,1
TIM JOHNSTON,1
HAROLD ROBBINS,17
TIM LAHAYE AND JERRY B. JENKINS,12
WILBUR SMITH,7
RICHARD MARCINKO AND JOHN WEISMAN,5
ANNEMARIE SELINKO,1
WILLIAM KENT KRUEGER,7
JOE ABERCROMBIE,1
ANYA SETON,7
WALTER MOSLEY,5
J. R. WARD,11
CLIVE CUSSLER AND GRAHAM BROWN,9
MAX BROOKS,2
MARY OLIVER,3
JEFF LINDSAY,3
REYNOLDS PRICE,2
PETER GILMAN,1
ROBERT HARRIS,8
TESS GERRITSEN,14
FRANCES PARKINSON KEYES,15
FREDERICK BUECHNER,1
WRITTEN AND ILLUSTRATED BY JAMES GURNEY,1
DOUGLAS ADAMS,6
LUDWIG BEMELMANS,3
ADAPTED BY DON FERGUSON,2
LOUISA MAY ALCOTT,1
NO AUTHOR,3
LLOYD C. DOUGLAS,7
FAITH BALDWIN,3
? BY ISABEL BOLTON,1
R.V. CASSILL,1
GRAHAM GREENE,12
BORIS PASTERNAK,1
ERICH SEGAL,6
JACQUELINE SUSANN,4
NICK HORNBY,4
GIOVANNINO GUARESCHI,2
JAMES PATTERSON AND HOWARD ROUGHAN,8
KATHERINE BRUSH,1
WILLIAM BRINKLEY,1
HARLAN COBEN,20
E. LYNN HARRIS,10
ANDREW GROSS,4
HERMAN WOUK,9
NANCY MITFORD,4
HENRY GREEN,3
JOHANNA LINDSEY,14
FAYE AND JONATHAN KELLERMAN,1
FRANCES GAITHER,1
STEVE MARTINI,12
LINDA CASTILLO,2
CHRISTY BROWN,1
UPTON SINCLAIR,10
ANNE MCCAFFREY AND TODD MCCAFFREY,1
ORIANA FALLACI,1
MARGARET WEIS AND TRACY HICKMAN,6
BRUNO FRANK,1
PHYLLIS A. WHITNEY,7
DAVID NEVIN,1
ELIZABETH BERG,7
KAREN MARIE MONING,11
LAURIE R. KING,7
JACQUELINE BRISKIN,5
LUCIAN K. TRUSCOTT IV,1
ELIZABETH CHEVALIER,1
T. CORAGHESSAN BOYLE,2
CHRISTINA SCHWARZ,1
WALTER D. EDMONDS,3
DIANA GABALDON,10
TOM WOLFE,4
PETER BOURNE,3
BERNARD MALAMUD,4
ROSAMOND MARSHALL,1
NORMAN COLLINS,1
JANE GREEN,8
BRIAN HERBERT AND KEVIN J. ANDERSON,10
STEPHEN R. DONALDSON,7
HOWARD SPRING,10
SAMUEL ROGERS,1
MARTHA GRIMES,9
THEODORE BONNET,2
JOHN GREGORY DUNNE,3
ROBERT S. ELEGANT,1
WILLIAM KOTZWINKLE,1
NORMAN KATKOV,1
JASPER FFORDE,4
JANE SMILEY,6
GWENTHALYN GRAHAM,1
PHILIP KERR,5
ORSON SCOTT CARD AND AARON JOHNSTON,1
DALTON S. REYMOND,1
DONNA LEON,8
,4
JOHN STEINBECK,10
DAVID GUTERSON,1
SHOLEM ASCH,7
FRANK G. SLAUGHTER,12
MARCIA DAVENPORT,5
N. RICHARD NASH,1
"LUCIA BERLIN, EDITED BY STEPHEN EMERSON",1
JEFFERY DEAVER,23
JANE HAMILTON,1
MARY AYER BARNES,1
ARNOLD ZWEIG,1
ALAN LIGHTMAN,1
WENDY WASSERSTEIN,1
R.C. HUTCHINSON,1
ROBIN WHITE,1
ROBERT STANDISH,1
CURTIS SITTENFELD,5
AMANDA MAE ELLIS,1
MARGARET IRWIN,1
FRED MUSTARD STEWART,3
ROBERT JORDAN AND BRANDON SANDERSON,3
ETHAN CANIN,2
RICHARD RUSSO,6
ANN BRIDGE,7
LOUIS L'AMOUR,13
TONI MORRISON,9
ORSON SCOTT CARD,6
KYLE MILLS,5
CHARLES MERCER,1
ETHEL VANCE,2
DAVID WEBER,16
ANNE BISHOP,2
ROBERT BRIFFAULT,2
IAN RANKIN,4
IRWIN SHAW,10
GAIL GODWIN,5
ELSWYTH THANE,3
KIM HARRISON,10
KATHLEEN E. WOODIWISS,2
JUDITH MCNAUGHT,7
MARY HIGGINS CLARK AND ALAFAIR BURKE,6
LOUIS BROMFIELD,11
ANNA QUINDLEN,9
ELLIOTT ARNOLD,3
CHRIS CLEAVE,2
JONATHAN SAFRAN FOER,3
PHYLLIS BENTLEY,2
LINDA HOLMES,1
PAUL HYDE BONNER,5
WILLIAM J. CAUNITZ,3
CAMERON HAWLEY,4
TED CHIANG,1
MOHSIN HAMID,2
MARGARET CARPENTER,1
ALDOUS HUXLEY,7
LOUIS FALSTEIN,1
TOM WICKER,2
EUGENE BURDICK AND HARVEY WHEELER,1
TEMPLE BAILEY,2
FRANK YERBY,14
BRUCE JAY FRIEDMAN,1
TANA FRENCH,6
JOHN CHEEVER,6
LARRY COLLINS,1
ANITA LOOS,1
TRACY CHEVALIER,5
DON DELILLO,5
SHEL SILVERSTEIN,1
SARA PARETSKY,11
DOROTHY UHNAK,3
LAVYRLE SPENCER,10
SUE MILLER,6
SUSAN WIGGS,3
HELEN VAN SLYKE,3
ERICA JONG,3
MICHAEL SADLEIR,1
FRANCIS BRETT YOUNG,4
WARREN EYSTER,1
PETER MATTHIESSEN,3
J. B. PRIESTLEY,3
GILBERT FRANKAU,3
E. M. DELAFIELD,2
J.A. JANCE,4
TROY DENNING,5
LAUREN GROFF,2
EDWARD STREETER,4
HERBERT GOLD,1
MANUEL KOMROFF,1
VICTORIA LINCOLN,2
STARK YOUNG,2
J.B. PRIESTLEY,1
ERICH MARIA REMARQUE,7
TOM ROBBINS,5
ROBERTSON DAVIES,4
JAMES PATTERSON AND CANDICE FOX,4
ASHA LEMMIE,1
HELEN REILLY,1
CLIVE CUSSLER AND BOYD MORRISON,6
MARY GORDON,3
MAZO DE LA ROCHE,4
JEWEL KILCHER,1
RICHARD PAUL EVANS,31
FRITZ PETERS,1
JOSEPH WAMBAUGH,12
GEORGE R. STEWART,1
GEORGE R.R. MARTIN,1
"J. A, JANCE",1
JOHN GRISHAM,35
MARY RENAULT,8
CLIVE CUSSLER WITH PAUL KEMPRECOS,5
DAVID GARTH,1
KRISTIN HANNAH,9
DORIS MORTMAN,2
EMILY GIFFIN,8
SARAH ADDISON ALLEN,5
TERRY BROOKS,26
JAMES PATTERSON AND EMILY RAYMOND,1
LOUIS GOLDING,3
LAURENS VAN DER POST,1
PAUL MOLLOY,1
TAFFY BRODESSER-AKNER,1
BARBARA KINGSOLVER,6
STEPHEN COONTS.,1
PETER STRAUB,4
E. PHILLIPS OPPENHEIM,9
JOHN GALSWORTHY,3
JENNIFER WEINER,12
ARTHUR MILLER,1
ELEANOR CARROLL CHILTON,1
DOROTHEA BENTON FRANK,17
CHRISTOPHER MOORE,9
ROBIN HOBB,3
MARIO PUZO,6
LARRY NIVEN AND JERRY POURNELLE,1
IVANA TRUMP,1
MITCH ALBOM,7
JOHN GARDNER,11
OMAR TYREE,1
ERNEST HEMINGWAY,7
PETE HAMILL,2
KATHLEEN WINSOR,3
JUDITH VIORST,1
CHRISTINA BAKER KLINE,2
ISAAC ASIMOV,6
UMBERTO ECO,5
LELLA WARREN,1
JAMES WESLEY RAWLES,2
CANDACE BUSHNELL,4
MEGAN MCCAFFERTY,2
NEIL GAIMAN,6
J.D. SALINGER,4
ROSE WILDER LANE,1
JONATHAN FRANZEN,3
WILLIAM SAFIRE,2
ERIC VAN LUSTBADER,13
DAPHNE DU MAURIER,13
FATIMA FARHEEN MIRZA,1
ROBERT A. HEINLEIN,4
J. COURTNEY SULLIVAN,2
ALEXANDER MCCALL SMITH,24
EMMA DONOGHUE,3
JAMES JONES,5
SARAH GAINHAM,2
JACK FINNEY,1
KELLEY ARMSTRONG,3
ALEC WAUGH,3
DORIS LESLIE,1
JOE HILL,6
LEN DEIGHTON,13
SALMAN RUSHDIE,8
LOUISE ERDRICH,7
ANONYMOUS,3
JORGE AMADO,1
JAMES CLAVELL,6
ROBERT MORGAN,1
EILEEN GOUDGE,2
DOROTHY L. SAYERS,2
WILLIAM KELLEY,1
PATRICK DENNIS,4
ELIZABETH GOUDGE,12
LAURA Z. HOBSON,3
JANE MCILVAINE MCCLARY,1
TERRY MCMILLAN,8
ROSIE WALSH,1
SINCLAIR LEWIS,10
DOUGLAS PRESTON,5
HUGH WALPOLE,9
MARILYNNE ROBINSON,4
JOHN BARTH,1
CRISTINA ALGER,1
ARTHEMISE GOERTZ,1
JOHN IRVING,11
HARPER LEE,2
DAVID NIVEN,1
R.F. DELDERFIELD,3
JOSEPH HELLER,3
FANNIE HURST,4
DON IMUS,1
JEFF SHAARA,12
FRANCIS VAN WYCK MASON,2
JAMES PATTERSON AND MICHAEL LEDWIDGE,12
GILLIAN FLYNN,1
LEE CHILD,18
MARGARET MITCHELL,1
PHILLIP MARGOLIN,9
LOLLY WINSTON,2
FRANCES GRAY PATTON,1
JAMES HILTON,8
ALLISTAIR MACLEAN,2
A. J. CRONIN,6
LOUIS KRONENBERGER,1
SAMUEL HOPKINS ADAMS,2
LOUIS ADAMIC,1
THOMAS PYNCHON,6
FANNY HURST,1
MARY O'HARA,3
MICHAEL M. THOMAS,1
B.J. CHUTE,2
ROBERT C. RUARK,1
ALAN BRADLEY,7
NICK BANTOCK,3
JAMES GOULD COZZENS,3
DAVID EDDINGS.,1
KAREN ROBARDS,8
FANNIE FLAGG,7
LAWRENCE SANDERS,22
JAMES PATTERSON AND DAVID ELLIS,6
WINSTON GROOM,1
MARK GREANEY,8
SIGRID UNDSET,2
BRUCE LANCASTER,3
THOMAS W. DUNCAN,1
STEPHEN KING AND RICHARD CHIZMAR,1
EDISON MARSHALL,2
J. P. MARQUAND,1
V. S. NAIPAUL,2
JEANNETTE WALLS,2
GREG BEAR,2
JODI PICOULT,14
CHARLES G. NORRIS,3
FAYE KELLERMAN,12
THOMAS HARRIS,6
RUTH BEEBE HILL,1
ANGELA MACKAIL THIRKELL,3
GARRISON KEILLOR,10
HELEN HULL,2
MORRIS WEST,8
JIMMY BUFFETT,3
NORMAN MAILER,9
JAMES E. BASSETT,1
ELIZABETH JENKINS,1
TAMSYN MUIR,1
A.M. MAUGHAN,1
J. K. ROWLING,4
JAMES PATTERSON AND JAMES O. BORN,4
JILL ALEXANDER ESSBAUM,1
W.E.B. GRIFFIN AND WILLIAM E. BUTTERWORTH IV,5
DOMINICK DUNNE,5
ELIZABETH MADOX ROBERTS,1
JOSEPH C. LINCOLN,4
FRANZ WERFEL,4
HONOR TRACY,2
NORA EPHRON,1
CHELSEA CAIN,2
CHARLES JACKSON,3
HERBERT TARR,1
THORNTON WILDER,4
JANET DAILEY,6
EVELYN WAUGH,7
ANGUS WILSON,3
SAUL BELLOW,9
FRANCINE RIVERS,3
AUDREY NIFFENEGGER,2
MARY BALOGH,3
DOROTHY PARKER,2
ELIN HILDERBRAND,18
ANTHONY WEST,1
SUSAN ELIZABETH PHILLIPS,7
TATIANA DE ROSNAY,2
KURT ANDERSEN,1
ALICE ALFONSI,1
SLOAN WILSON,3
RITA MAE BROWN,3
WILLIAM F. BUCKLEY JR,7
WILLIAM F. BUCKLEY JR.,1
JUDE DEVERAUX,13
THOMAS B. COSTAIN,8
JOHN KNOWLES,1
CHARMIAN CLIFT AND GEORGE JOHNSTON,1
SCOTT O'DELL,1
PAULO COELHO,4
CLEMENCE DANE,3
PAT FRANK,3
ODELL SHEPARD AND WILLARD SHEPARD,2
DAVID DUCHOVNY,1
RILEY SAGER,3
WILLIAM HUMPHREY,2
PATTI DAVIS WITH MAUREEN STRANGE FOSTER,1
CLEVELAND AMORY,1
YAA GYASI,2
RUTH CHATTERTON,1
H. L. DAVIS,1
W.E.B. GRIFFIN,3
WILLIAM DIEHL,3
WRITTEN AND ILLUSTRATED BY MATTIE J. T. STEPANEK,3
MAY SARTON,2
LAWRENCE BLOCK,1
PHILIP CAPUTO,1
C.S. FORESTER,8
ROBERT TRAVER,2
JOHN HERSEY,6
STEFAN HEYM,2
BARBARA RASKIN,1
ARTHUR HAILEY,7
ANITA BROOKNER,1
JAMIE FORD,2
FRED GIPSON,1
MARK HELPRIN,4
BEN AMES WILLIAMS,5
SARAH J. MAAS,1
DANIEL SILVA,22
WHITNEY OTTO,1
KATHERINE CENTER,2
JAMES PATTERSON AND EMILY RAYMOND WITH JILL DEMBOWSKI,1
HARRIETTE SIMPSON ARNOW,1
A.J. CRONIN,7
CHARLES TODD,2
K.B. GILDEN,1
LAURA LIPPMAN,5
WINIFRED VAN ETTEN,1
VINCENT MCHUGH,1
JEROME WELDMAN,1
DODIE SMITH,1
LOUIS AUCHINCLOSS,11
ALLISON PEARSON,1
GAIL GODWIN.,1
MARGARET CRAVEN,1
WALLY LAMB,3
ILKA CHASE,3
SOPHIE KINSELLA,12
MAX SHULMAN,3
JANE MENDELSOHN,1
EDWIN O'CONNOR,4
HALSEY,1
JUDITH KRANTZ.,1
NANCY WILSON ROSS,3
MARK HADDON,2
FREDERICK FORSYTH,15
SCOTT TUROW,11
JAMES BALDWIN,3
JOSEPHINE LAWRENCE,4
KATE WHITE,1
ROBERT NATHAN,8
SIDNEY SHELDON,16
JEN LANCASTER,1
RICHARD BACH,4
STEPHEN CHBOSKY,1
CLIVE BARKER,4
MILAN KUNDERA,2
BRET EASTON ELLIS,2
ELMER RICE,1
ROBERT VAN GELDER,1
PETER DAVID,2
FRANK SLAUGHTER,1
RUTH WARE,6
ELIZABETH TAYLOR,1
HARRY TURTLEDOVE,1
REBECCA SERLE,1
MARIO VARGAS LLOSA,1
CHAIM POTOK,5
MAX WHITE,1
SARAH DUNANT,2
GERALD A. BROWNE,2
SHARI LAPENA,5
MARVIN KALB AND TED KOPPEL,1
JUDY BLUME,5
NEVIL SHUTE,15
ROBERT P. KIRSCH,1
ELLEN GLASGOW,4
HALLDOR LAXNESS,1
DAN BROWN,5
TÉA OBREHT,1
P.D. JAMES,2
FRANCES FROST,1
ALISON WEIR,1
DAVE BARRY,3
LISA GENOVA,1
PAULA HAWKINS,2
ALLEGRA GOODMAN,1
MAXENCE VAN DER MEERSCH,1
LISA JEWELL,3
RALPH ELLISON,1
GARTH STEIN,2
ROSAMOND LEHMANN,4
FRANK DELANEY,1
JOHN HART,4
AUSTIN WRIGHT,1
JOSEPH KANON,3
JOSEPH FINK AND JEFFREY CRANOR,2
CHRISTIE GOLDEN,7
DAPHNE DU MAURIER,2
STEPHEN VINCENT BENET,1
BELLAMY PARTRIDGE,1
PETER BENCHLEY,5
CARL JONAS,1
PAUL WELLMAN,3
JIMMY STEWART,1
FREDERIC PROKOSCH,2
JIMMY STEWART.,1
ELIZABETH FORSYTHE HAILEY,1
ELIZABETH FORSYTHE HAILEY,2
WILLIAM DONOHUE ELLIS,2
SUSANNA CLARKE,2
JULIA LONDON WITH ALINA ADAMS,1
LION FEUCHTWANGER,5
JOSEPH F. GIRZONE,2
JAMES MICHENER.,2
WRITTEN AND ILLUSTRATED BY MATTIE J.T. STEPANEK,1
LOUIS-FERDINAND CELINE,1
BETTY SMITH,4
GWEN BRISTOW,4
JAMES PATTERSON AND ANDREW GROSS,4
ERIC AMBLER,3
ANNE FORTIER,1
ERNESTINE GILBRETH CAREY,1
JAMES PATTERSON AND NANCY ALLEN,1
STEFAN ZWEIG,1
SALLY SALMINEN,1
GEORGE ORWELL,3
JOHN JACKSON MILLER,1
J.D. GILMAN AND JOHN CLIVE,1
STEPHEN WHITE,4
JAMES PATTERSON AND MARSHALL KARP,6
ROBERT JAMES WALLER,5
RIDLEY PEARSON,3
CALEB CARR,3
KHALED HOSSEINI,2
LISA ALTHER,1
GUY ENDORE,2
MARY DORIA RUSSELL,1
HENRY BELLAMANN,2
ED MCBAIN,1
ADRIANA TRIGIANI,9
ROALD DAHL,1
MICKEY SPILLANE,1
NALINI SINGH,2
HORACE MCCOY,2
CHRISTOPHER MORLEY,2
ERSKINE CALDWELL,1
JO NESBO,8
WILLARD MOTLEY,3
RAYMOND E. FEIST,4
KATE MOSSE,1
SHIRLEY CONRAN,1
ELLIN BERLIN,1
THOMAS TRYON.,1
D.H. LAWRENCE,1
ROMAIN GARY,2
CAROLINE MILLER,1
LAEL TUCKER,1
RAINBOW ROWELL,1
MAZO DE LA ROCHE,3
AGNAR MYKLE,1
IVAN DOIG,1
ISAK DINESEN,2
P. G. WODEHOUSE,5
VINCENT LARDO,4
NICHOLAS MONSARRAT,6
RUMAAN ALAM,1
OLIVE ANN BURNS,1
JAMES A. MICHENER,1
WILLIAM PETER BLATTY,2
GEOFFREY JENKINS,1
PAUL BOWLES,2
RICHARD FORD,2
ROBERT GALBRAITH,5
L. RON HUBBARD AND DAVE WOLVERTON,1
MARTHA GELLHORN,1
WILLIAM STYRON,4
JOHN P. MARQUAND,9
CHUCK WENDIG,4
DAN JENKINS,2
YANN MARTEL,2
ELIZABETH FORSYTHE HALLEY,1
JAMES PATTERSON AND CHRIS TEBBETTS,1
NELSON ALGREN,2
CLARENCE DAY,1
AGATHA YOUNG,1
ANITA SHREVE,9
ARCHIE BINNS,1
LAURA ESQUIVEL,2
ROBERT M. PIRSIG,1
MARTHA HALL KELLY,2
J.R. SALAMANCA,1
SUSAN ISAACS,7
GEORGE SAUNDERS,2
LISA KLEYPAS,4
SHARON KAY PENMAN,2
MARGHANITA LASKI,1
TOM PERROTTA,4
CELESTE NG,1
HANS FALLADA,1
BOOTH TARKINGTON,3
DENNIS LEHANE,7
ANNE PARRISH,2
GUNTER GRASS,2
VLADIMIR NABOKOV,3
EDWARD RUTHERFURD,7
MARTIN AMIS,2
LIZ MOORE,1
C.J. BOX,5
MACKINLAY KANTOR,4
HANAMA TASAKI,1
WALTER BAXTER,1
LEGRAND CANNON,1
JUDITH ROSSNER,3
E.L. DOCTOROW,2
FREDERICK MANFRED,1
S. M. STIRLING,4
ANDREW M. GREELEY,7
SAMUEL SHELLABARGER,3
EUDURA WELTY,1
NELL FREUDENBERGER,1
ETAF RUM,1
CLIVE CUSSLER WITH GRANT BLACKWOOD,3
MARGARET MITCHELL. EDITED BY DEBRA FREER,1
LISA JACKSON,7
KRESLEY COLE,1
JOAN COLLINS,2
NOEL CLAD,1
H.E. BATES,2
JANET EVANOVICH AND DORIEN KELLY,1
WALKER PERCY,3
GABRIEL GARCIA MARQUEZ,5
ELIZABETH BOWEN,3
CHARLES BRACELEN FLOOD,1
JOHN KENNEY,1
DAVID RAKOFF,1
J.R. WARD,9
C.Y. LEE,2
FRANCINE DU PLESSIX GRAY,1
FRANCINE PROSE,1
NANCY HORAN,2
PAMELA FRANKAU,3
JOHN HORNE BURNS,2
MARTIN BOYD,1
JESSICA KNOLL,2
AMY BLOOM,2
CARL HIAASEN,11
MARGARET KENNEDY,4
WILLA CATHER,5
BRETT EASTON ELLIS,1
RICHARD PRICE,1
RAVEN LEILANI,1
R.G. WALDECK,1
KENNETH ROBERTS,5
JAYNE ANNE PHILLIPS,1
IAN MCEWAN,9
ANONYMOUS AKA GLADYS HUNTINGTON,1
MARGARET ATWOOD,10
L. S. HILTON,1
ILONA ANDREWS,3
HELEN MCINNES,1
! BY TERRY BROOKS,1
ALICE HOFFMAN,14
PAUL I. WELLMAN,4
ERIC LINKLATER,1
ANTHONY HOROWITZ,3
LIVINGSTON BIDDLE,1
SETH GRAHAME-SMITH,1
WHITLEY STRIEBER,1
HELEN SIMONSON,2
TERRY PRATCHETT,4
HENRI FAUCONNIER,1
ROBERT ELEGANT,1
KYLE ONSTOTT,1
NEAL TRAVIS,1
JENNIFER EGAN,1
ARTHUR C. CLARKE,4
VICKI BAUM,5
BRIAN JACQUES,3
JUDITH KELLY,1
JOHN LE CARRE,2
MAZO DE LA ROCHE,1
KIT WILLIAMS,2
GWYN GRIFFIN,2
BARNABY CONRAD,1
KARL MARLANTES,1
E.M. FORSTER,1
ART SPIEGELMAN,1
MYRON BRINIG,4
JENNIFER CRUSIE,2
LARRY COLLINS.,1
MICHAEL SAVAGE,1
ELIZABETH FLOCK,1
EDGAR CANTERO,1
CLIVE CUSSLER AND PAUL KEMPRECOS,1
JOHN MARQUAND,1
JIM CARREY AND DANA VACHON,1
ARTHUR GOLDEN,1
EDMUND WILSON,1
BESSIE BREUER,1
CHARLES NORDHOFF AND JAMES N. HALL,1
JULES ROMAINS,2
SILVIA MORENO-GARCIA,1
DANIEL H. WILSON,2
MICHAEL CRICHTON AND RICHARD PRESTON,1
CHARLES JOHNSON,1
SISTER SOULJAH,3
E. ANNIE PROULX,1
ALBERT BROOKS,1
JAMES H. STREET,2
JAMES PATTERSON AND PETER DE JONGE,1
JAMES PATTERSON AND PETER DE JONGE,4
CLIVE CUSSLER WITH JACK DU BRUL,3
BESS STREETER ALDRICH,2
ANN B. ROSS,1
MARY ROBERTS RINEHART,6
OLIVER NORTH WITH JOE MUSSER,1
THOMAS HEGGEN,1
BART SPICER,1
TERENCE HANBURY WHITE,2
DAPHNE ROOKE,1
EMMA STRAUB,3
LIN YUTANG,2
SANJAY GUPTA,1
HARRY KEMELMAN,6
ROBERT MOSS AND ARNAUD DE BORCHGRAVE,1
HARRY SYLVESTER,1
JOHN MEADE FALKNER,1
MICHAEL CHABON,5
COLLEEN MCCULLOUGH,6
JAMES CARROLL,1
KRISTEN ARNETT,1
MELINDA HAYNES,1
MAYA ANGELOU,3
EVAN HUNTER,2
HERVEY ALLEN,5
DE DEVERAUX,1
JOHN BUCHAN,2
BERNARD AUGUSTINE DE VOTO,1
PERRI O'SHAUGHNESSY,2
GARSON KANIN,1
ISABEL RORICK,1
ERIC HODGINS,1
DAVID FROME,1
PAUL GALLICO,6
EVAN CONNELL,1
ROBERT TALLANT,1
SUSAN HILL,1
JENNIFER CHIAVERINI,8
BENEDICT FREEDMAN AND NANCY FREEDMAN,1
KRESSMAN TAYLOR,1
JAN STRUTHER,1
FANNIE COOK,1
ELIZABETH VON ARNIM,1
MARGARET TRUMAN,2
MARGARET TRUMAN.,1
MARLO MORGAN,1
GABRIEL TALLENT,1
MARY STEWART,12
KATE ELIZABETH RUSSELL,1
NUALA O'FAOLAIN,1
DR. SEUSS. ILLUSTRATED BY STEVE JOHNSON AND LOU FANCHER,1
ELIZABETH STROUT,5
PAUL THEROUX,2
RUTH MCKENNEY,1
TILLY BAGSHAWE,1
KARL OVE KNAUSGAARD,2
JOSEPH AUSLANDER AND AUDREY WURDEMANN,1
PENELOPE ASHE,1
ENID BAGNOLD,2
RICHARD WRIGHT,1
DYLAN THOMAS,1
EDWIN GILBERT,3
JOHN DARNTON,1
KAMALA MARKANDAYA,1
KAREN CLEVELAND,1
WILLIAM MARTIN,3
ISABEL PATERSON,1
TOM CHAMALES,1
STEPHEN L. CARTER,2
YAEL DAYAN,1
EUGENIA PRICE,6
HARNETT THOMAS KANE,1
JOHN JENNINGS,4
GERALD KERSH,1
NELSON DEMILLE,15
MARISHA PESSL,1
CLARE FRANCIS,1
THOMAS PERRY,1
WILLIAM LINDSAY GRESHAM,1
LIANE MORIARTY,4
LEIGH BARDUGO,1
ROBERT HENRIQUES,2
JOHN GARDNER.,1
JOHN MCPARTLAND,1
BRAD TAYLOR,2
DEBORAH CROMBIE,3
JANET BEITH,1
VITA SACKVILLE-WEST,1
MAC HYMAN,1
NELIA GARDNER WHITE,4
COLM TOIBIN,1
SALLY ROONEY,1
MORTON THOMPSON,2
VLADIMIR DUDINTSEV,1
TRISTRAM COFFIN,1
JOJO MOYES,5
KEVIN WILSON,1
JOSEPHINE JOHNSON,1
ZANE,1
CHRISTOPHER REICH,3
E. T. A. HOFFMANN,1
ZADIE SMITH,4
BRANDON SANDERSON,7
THOMAS WOLFE,4
NORAH LOFTS,8
ALICE TISDALE HOBART,7
REGINALD ARKELL,1
ISAAC BASHEVIS SINGER,1
ALLAN GURGANUS,1
TOM CLANCY WITH PETER TELEP,1
HELEN FIELDING,4
OCEAN VUONG,1
IAN FLEMING,3
PIERRE SALINGER,1
MARY ALICE MONROE,4
JACK KEROUAC,1
JOHN L. PARKER JR.,1
JAMES FINN GARNER,3
WALTER DURANTY,1
B. J. NOVAK,1
MARY LASSWELL,2
MARY JO PUTNEY,1
WILLIAM GIBSON,6
MILDRED JORDAN,2
WILLIAM R. FORSTCHEN,2
WELDON HILL,1
GRANVILLE HICKS,1
MARK Z. DANIELEWSKI,1
JAMES PATTERSON WITH ANDREW GROSS,1
GLENN BECK WITH HARRIET PARKE,1
PHILIP WYLIE,5
KAREN TRAVISS,3
JUDITH GUEST,2
TRUMAN CAPOTE,3
JEAN GENET,1
EDWARD MCSORLEY,1
KENT HARUF,2
F VAN WYCK MASON,1
GREGG HURWITZ,1
EDOUARD PIESSON,1
RODDY DOYLE,1
G. B. LANCASTER,2
JASON MATTHEWS,2
THYRA FERRE BJORN,1
L. RON HUBBARD AND KEVIN J. ANDERSON,1
ESTHER FORBES,3
JOHN MORTIMER,1
JOHN MORTIMER.,1
C J. BOX,1
FRANCOISE SAGAN,4
BILLY COLLINS,2
JERZY KUSINSKI,1
JAMES M. CAIN,4
HUMPHREY COBB,1
HARNETT T. KANE,4
? BY SUSAN ELIZABETH PHILLIPS,1
SUSAN HOWATCH,5
GERALDINE BROOKS,3
EDWARD F. MURPHY,1
JAMES ELLROY,2
PATRICK SUSKIND,1
GRACE METALIOUS,2
JO NESBØ,2
TED BELL,6
RANDALL JARRELL,1
TIM DORSEY,1
RICHARD POWELL,2
CLIVE CUSSLER AND ROBIN BURCELL,5
CHARLES NORDLOFF AND JAMES NORMAN HALL,3
KYUNG-SOOK SHIN,1
DAVID AND LEIGH EDDINGS,2
NOEL COWARD,1
RAYMOND CHANDLER AND ROBERT B. PARKER,1
ROBERT RUARK,4
JAMES PATTERSON AND RICHARD DILALLO,3
ALICE WALKER,4
A. S. BYATT,1
CARRIE FISHER,2
ARTHUR MEEKER,2
JOSEPH FINK,1
SANDRA DALLAS,1
SCOTT TUROW.,1
JUDITH AND GARFIELD REEVES-STEVENS,2
JAY RICHARD KENNEDY,1
DOROTHY CLARKE WILSON,1
SAMUEL SHELLANBARGER,1
RAYMOND E. FEIST.,1
EDWARD P. JONES,1
JAMES PATTERSON AND MARK SULLIVAN,6
PHYLLIS BOLTOME,1
MARGARET WANDER BONANNO,1
DICK FRANCIS.,1
JAMES LEO HERLIHY,1
FRANK MCDONALD,1
HELEN VAN SLYKE WITH JAMES ELWARD,1
STRINGFELLOW BARR,1
MICHAEL JAN FRIEDMAN,2
FRANCIS HACKETT,1
INGLIS CLARK FLETCHER,3
MICHAEL KORDA,3
EVELYN EATON,2
WILLIAM KENNEDY,1
BAILEY WHITE,1
CHARLES E. MERCER,1
SYLVIA TENENBAUM,1
SIDNEY SHELDON,1
PAUL AUSTER,1
THORNE SMITH,4
WALTER MACKEN,1
GARLAND ROARK,2
ROSS LOCKRIDGE,1
RICHARD ALDINGTON,1
MAX SCHULMAN,1
ARTHUR C. CLARKE AND GENTRY LEE,2
KIMBERLY MCCREIGHT,1
JACQUELINE WOODSON,2
MARK GREANEY AND HUNTER RIPLEY RAWLINGS IV,1
LARRY BOND,2
GUY MCCRONE,2
RICHARD BRADFORD,1
PHIL KLAY,1
JOHN SCALZI,1
MATTIE J. T. STEPANEK,1
SALLY QUINN,1
MYRON S. KAUFMANN,1
JAMES SALTER,1
SANTHA RAMA RAU,1
NORA ROBERTS AND J. D. ROBB,1
CARL SANDBURG,1
JAMES MILLS,1
ARTHUR GORDON,1
! BY W. E. B. GRIFFIN,2
ADAPTED BY JOAN D. VINGE,2
PETER DEVRIES,1
MERLE MILLER,2
ELIZABETH BUCHAN,1
MATTHEW STOVER,1
DONALD MCCAIG,1
H. ALLEN SMITH,1
JANET AYER FAIRBANK,1
KEVIN KWAN,2
LAU SHAW,1
ROBERT PENN WARREN,5
DORIS MORTMAN.,1
ANTHONY DOERR,1
JAMES RAMSEY ULLMAN,4
A. HAMILTON GIBBS,2
SHIRLEY BARKER,1
CHARLES E. ISRAEL,1
REED FARREL COLEMAN,4
ACE ATKINS,6
OLEN STEINHAUER,2
MICHAEL BRANDMAN,5
PAUL GARRISON,1
ANNE HILLERMAN,5
ALEXANDER FREED,1
EDITED BY GEORGE R. R. MARTIN AND GARDNER DOZOIS,1
JAMES BOYD,1
JOHN BRAINE,1
BEN BURMAN,1
IRA LEVIN,3
LEILA MEACHAM,1
NANCY HALLINAN,1
PATRICK F. MCMANUS,1
ETHAN HAWKE,1
EDWARD L. BEACH,1
RACHEL FIELD,3
DOUG DORST,1
ELVA WILLIAMS,1
KRISTIN GORE,1
LUANNE RICE,1
VINCENT SHEEAN,2
A.C. CRISPIN,1
BERTRAND RUSSELL,1
JOHN SANDFORD AND CTEIN,1
JACK CARR,1
AMY TAN,6
"WILLIAM F. BUCKLEY, JR",1
RICHARD BISSELL,1
HARNETT T. KANE AND VICTOR LECLERC,1
ALEXANDRA RIPLEY,1
RAFAEL SABATINI,3
PEARL SCHIFF,1
KHALED HOSSEINI. ILLUSTRATED BY DAN WILLIAMS,1
JEAN KWOK,1
DOROTHY CANFIELD,2
MAGGIE SHIPSTEAD,1
CHANG-RAE LEE,1
KATHLEEN NORRIS,9
ROBERT W. CHAMBERS,1
F. LEE BAILEY,1
CHRIS BOHJALIAN,8
SUSAN MALLERY,1
ELICK MOLL,1
STRUTHERS BURT,1
WARWICK DEEPING,5
DEBORAH HARKNESS,4
M.M. KAYE,3
JIMMY CARTER,2
STEVE PERRY,1
RICHARD ADAMS,3
TREVANIAN,3
R. C. HUTCHINSON,3
KATHERINE ANNE PORTER,1
GUNNAR GUNNARSSON,1
STEVE MARTIN,3
R.A. SALVATORE,4
JAMES ALDRIDGE,2
ROBERT B. PARKER WITH HELEN BRANN,1
BEBE MOORE CAMPBELL,4
JOHN PHILLIPS MARQUAND,1
JESMYN WARD,1
DELIA EPHRON,1
MADISON COOPER,1
ALLISON PATAKI,2
ANN BRASHARES,2
STUART WOODS AND PARNELL HALL,4
BETHENNY FRANKEL WITH EVE ADAMSON,1
DAVID MITCHELL,4
JEANINE CUMMINS,1
TAMA JANOWITZ,1
STEPHEN KING AND OWEN KING,1
ROSS MACDONALD,2
MICHAEL FOSTER,1
PETER HOEG,1
DAVID PILGRIM,1
SARA KASDAN,1
ERNEST KELLOGG GANN,1
LAUREN GRAHAM,1
CATHERINE STEADMAN,1
JOSEPH GEORGE HITREC,1
ANN PACKER,2
MARJORIE K. RAWLINGS,1
PAT CONROY,3
WINIFRED HOLTBY,1
HANK GREEN,2
CHARLES MORGAN,4
OLIVER LAFARGE,1
MARISHA PESSI,1
MICHAEL CUNNINGHAM,2
IRA WOLFERT,1
NAOMI NOVIK,2
SYLVIA ASHTON-WARNER,1
ROBERT WILDER,8
RUTH MOORE,2
B. S. ALDRICH,1
BETTE BAO LORD,1
DAVID SEDARIS,1
ROBERT H.K. WALTER,1
PAMELA ANDERSON,1
J.M. DILLARD,2
CLAUDIA GRAY,2
VARIOUS AUTHORS,1
DANIEL JOSÉ OLDER,1
DELILAH S. DAWSON,1
TAYARI JONES,1
ALAN DEAN FOSTER,3
JASON FRY,1
RAE CARSON,1
F. VAN WYCK MASON,1
GREER HENDRICKS AND SARAH PEKKANEN,3
EMILY ST. JOHN MANDEL,2
ILONA KARMEL,1
JOHN T. MCINTYRE,1
"""MISS READ""",2
PAYNE HARRISON,1
LILLIAN SMITH,1
GWENDA BOND,1
DOMINICK  DUNNE,1
PHIL STONG,2
KILEY REID,1
LOIS GOULD,1
IRÈNE NÉMIROVSKY,1
HERMAN RAUCHER,1
IAIN PEARS,1
JAMES PATTERSON AND GABRIELLE CHARBONNET,1
GARY SHTEYNGART,1
ALICE ADAMS,1
PATRICK TAYLOR,1
CHRISTOPHER BUCKLEY,3
ARMISTEAD MAUPIN,2
NANCY THAYER,1
KAREN RUSSELL,2
FRANCINE PASCAL,1
STEPHANIE DANLER,1
HAROLD COYLE,4
JIMMY BRESLIN,3
ELIZABETH GRAY VINING,2
JIMMY  BUFFETT,1
ADELA ROGERS ST. JOHNS,1
EDITED BY SOMERSET MAUGHAM,1
ALEXIS CURVERS,1
STEPHANIE LAURENS,7
F. SCOTT FITZGERALD,1
SAMUEL H. ADAMS,1
JAMES PATTERSON AND ANDREW BOURELLE,2
WILBUR DANIEL STEELE,1
JAMES THURBER,3
JOHN M. DEL VECCHIO,1
STEVE BERRY,17
DAVID EBERSHOFF,1
EUGENE BURDICK,2
AUBREY MENEN,5
CHRIS PAVONE,2
JOYCE CAROL OATES,2
MIKA WALTARI,6
WILLIAM SAROYAN,3
C.P. SNOW,1
ARTHUR KOESTLER,2
KAREN THOMPSON WALKER,1
JEAN PAUL SARTRE,1
VAUGHAN WILKINS,1
CHARLES MILLS,1
ALICE SEBOLD,2
LAURA KREY,1
ROBERT LUDLUM,22
JIM HARRISON,1
CARLOS RUIZ ZAFÓN,2
PIERRE ANDREZEL,1
CLYDE BRION DAVIS,1
ERNEST K. GANN,4
ELIA KAZAN,3
CHAD HARBACH,1
CLIVE CUSSLER AND JUSTIN SCOTT,9
HILARY MANTEL,4
OLIVER NORTH AND JOE MUSSER,2
STEPHEN BIRMINGHAM,2
MELANIE BENJAMIN,2
WILLIAM MARCH,1
SERGEANNE GOLON,1
STEPHEN LONGSTREET,2
WILLIAM MCFEE,2
J.P. DONLEAVY,2
MABEL SEELEY,2
MARK RASCOVICH,1
DANIELLE TRUSSONI,1
SYLVIA PLATH,1
HALL HUNTER,1
EDITED BY JOHN UPDIKE AND KATRINA KENISON,1
SELECTED BY CAROLINE KENNEDY,2
JANET EVANOVICH AND PETER EVANOVICH,1
DOUGLAS KENNEDY,1
A.B. GUTHRIE JR,2
JOHN BROOKS,1
PAUL EMIL ERDMAN,1
JOHN MASEFIELD,2
REBECCA WEST,3
AGNES SLIGH TURNBULL,2
JAY WALZ,1
MARILYN FRENCH,2
BRENT WEEKS,4
JAMES ROLLINS AND REBECCA CANTRELL,1
LOTHAR-GUENTHER BUCHHEIM,1
LOTHAR-GUNTHER BUCHHEIM,1
PHILIPPA GREGORY,14
HANNAH CRAFTS. EDITED BY HENRY LOUIS GATES JR,1
SAMANTHA SHANNON,3
MAREK HALTER,1
MICHAEL GRUBER,1
BRAD MELTZER,10
SUE MONK KIDD,3
LISA WINGATE,2
TERENCE H. WHITE,1
MICHAEL ONDAATJE,2
JOHN DUNNING,1
DON WINSLOW,3
JAN WESTCOTT,2
ANITA DIAMANT,1
CHARLES MERGENDAHL,1
TOM LEA,2
B. A. PARIS,2
TED DEKKER,3
JUNOT DÍAZ,2
RICHARD SHERMAN,1
MARGUERITE STEEN,4
H. G. WELLS,1
THEODORE DREISER,1
KAZUO ISHIGURO,1
CLAIRE MESSUD,3
ALFRED NEUMANN,1
LAWRENCE SCHOONOVER,2
JAMES CAIN,1
"GIDEON WYCK, EDITED BY ALEXANDER LAING",1
ROBERT CRICHTON,2
SPIRO T. AGNEW,1
MARIO SOLDATI,1
JAN DE HARTOG,4
HENRY MORTON ROBINSON,2
LUDWIG LEWISOHN,1
S. S. VAN DINE,5
LILIAN JACKSON BRAUN,18
JEAN STAFFORD,1
JAMES REDFIELD,2
ADRIAN MCKINTY,1
M. SCOTT PECK,1
IRVING WALLACE,12
JANET EVANOVICH AND LEE GOLDBERG,5
WILLIAM MAXWELL,1
JAMES PATTERSON AND MAX DILALLO,1
JAMES PATTERSON WITH MAX DILALLO,1
STEPHANIE MEYER,1
STEPHENIE MEYER,2
IRA MORRIS,1
NINA FEDOROVA,2
FREDRIK BACKMAN,3
J. R. R. TOLKIEN. EDITED BY CHRISTOPHER TOLKIEN. ILLUSTRATED BY ALAN LEE,1
EDITED BY WILLIAM J. BENNETT. ILLUSTRATED BY MICHAEL HAGUE,1
KATHERINE WIGMORE EYRE,2
DONNA VANLIERE,3
JOSEPH HENRY JACKSON,1
GLENN BECK WITH KEVIN BALFE AND JASON WRIGHT,1
JULIE SALAMON,1
HELEN HUNTINGTON HOWE,1
JUSTIN CRONIN,3
N.K. JEMISIN,1
JEAN M. AUEL,6
KATE MORTON,3
JAMES PATTERSON AND J.D. BARKER,1
PATRICK O'BRIAN,4
ALAN ROSS,1
NORA LOFTS,1
SEYMOUR SHUBIN,1
ZOE OLDENBOURG,2
JAMES PATTERSON AND BRENDAN DUBOIS,2
ALEX BERENSON,9
DAVE WOLVERTON,1
RON RASH,1
PAUL E. ERDMAN,2
ELIE WIESEL,1
MICHEL FABER,1
WILLI HEINRICH,1
MICHAEL DORRIS AND LOUISE ERDRICH,1
VONDA N. MCINTYRE,1
MONA SIMPSON,1
MATTHEW PEARL,2
LORENZO CARCATERRA,1
CHRISTINE WESTON,1
ANN CLEEVES,1
CONNIE SCHULTZ,1
GLENWAY WESCOTT,1
JOHN SELBY,1
ROGER STERN,1
NOAH GORDON,2
CHARLES WERTENBAKER,1
AKWAEKE EMEZI,1
PLUM SYKES,2
JACQUELYN MITCHARD,2
MARTIN DIBNER,1
SARA GRUEN,3
NELSON DEMILLE AND ALEX DEMILLE,1
JOSEPH HAYES,1
RODERICK THORP,1
EDMUND SCHIDDEL,1
COLUM MCCANN,2
CARMEN CARTER,1
CATHERINE COULTER AND J. T. ELLISON,1
EDWIDGE DANTICAT,1
EDITED BY JOYCE REARDON,1
GEORGE V. HIGGINS,2
HERMAN KOCH,1
GRETCHEN FINLETTER,1
BUDD SCHULBERG,3
NICHOLAS EVANS,4
ANDRE SOUBIRAN,2
PETER HELLER,1
CAROLYN PARKHURST,1
HARRIETTE ARNOW,1
HAMMOND INNES,3
"JOHN D, MACDONALD",1
PHILIP VAN DOREN STERN,1
ELAINE DUNDY,1
LAJOS ZILABY,1
HOWARD SWIGGETT,1
LILLIAN BUDD,1
LEONARD Q. ROSS,1
BARRY BENEFIELD,2
GRAEME BASE,1
F.W. KENYON,1
CATHERINE COULTER AND J.T. ELLISON,3
ROBERT HERRICK,1
LAWRENCE WRIGHT,1
JEROME WEIDMAN,3
? BY SIDNEY SHELDON,1
V. S. NAIPAUL.,1
NORMAN MAILLER,1
HENRY SUTTON,1
ERNEST CLINE,1
KATHLEEN MCGOWAN,1
CLIVE CUSSLER AND RUSSELL BLAKE,2
GLENN BECK,4
GLENN BECK WITH JACK HENDERSON,1
PATRICK WHITE,2
STEPHEN KING.,1
GUILLERMO DEL TORO AND CHUCK HOGAN,3
IGOR GOUZENKO,1
J. R. R. TOLKIEN. EDITED BY CHRISTOPHER TOLKIEN,2
J.R.R. TOLKIEN,5
ROBERT KIRKMAN AND JAY BONANSINGA,2
T. JEFFERSON PARKER,1
MARIO PUZO. COMPLETED BY CAROL GINO,1
ED FALCO,1
ALBERTO MORAVIA,4
JAMES NORMAN HALL,1
LAURENCE KIRK,1
MEG WOLITZER,3
IAN CALDWELL,1
ANDY WEIR,2
LARRY COLLINS AND DOMINIQUE LAPIERRE,1
CATHERINE COULTER AND J. T. ELLISON,2
KATHERINE NEVILLE,1
MIRANDA JULY,1
ALEXANDER SOLZHENITSYN,1
JULIAN BARNES,2
MARTHA GRIMES,1
LEONARD COHEN,1
BAYNARD KENDRICK,1
RUTH SUCKOW,1
GEORGE CRONYN,1
SEAN WILLIAMS,2
STEVE SHAGAN,1
JONATHAN LETHEM,1
BERRY FLEMING,1
FRANCIS CARDINAL SPELLMAN,1
AYN RAND,2
DAVID BEATY,1
STANLEY POTTINGER,1
RICHARD HUGHES,1
ANDREW M. GREELEY.,1
GYSPY ROSE LEE,1
ANDREW DAVIDSON,1
GERALD WARNER BRACE,2
MCCREADY HUSTON,1
STEPHEN HARRIGAN,1
JOHN CASE,1
J P DELANEY,1
J. P. DELANEY,1
MARY BETH KEANE,1
DAVID LAGERCRANTZ,3
ALFRED HAYES,1
STIEG LARSSON,3
ABI DARÉ,1
EMMA CLINE,1
MELISSA BANK,1
GORDON DAHLQUIST,1
JIM BISHOP,1
DAVID GARNETT,1
L.P. HARTLEY,1
ARUNDHATI ROY,2
MARK WINEGARDNER,1
EDITH SIMON,1
BEATRIZ WILLIAMS,2
HOPE MUNTZ,1
DONNA TARTT,3
PEARL BUCK,1
JAY MCINERNEY,1
SUE MILLER,1
WALTER O'MEARA,1
AL MORGAN,1
RALPH INGERSOLL,1
RUBYLEA HALL,1
NIKOS KAZANTZAKIS,3
ROBIN MOORE,1
STORM JAMESON,1
MARY CAREY,1
MARY MCCARTHY,4
MARY ANN SHAFFER AND ANNIE BARROWS,1
SARAH BLAKE,2
LUCY FOLEY,1
KAREN WHITE,2
HELEN ASHTON,1
MARGARET ATWOOD.,1
MONICA DICKENS,1
JONATHAN CAHN,2
GERALD GREEN,3
JAKE TAPPER,1
KATHRYN STOCKETT,1
ALKA JOSHI,1
JAMES STREET,2
LIBBIE BLOCK,1
ELIZABETH KOSTOVA,2
JOSEPH S. PENNELL,1
GRAHAM MOORE,2
HAROLD SINCLAIR,1
DAVID DAVIDSON,2
BRAD MELTZER AND TOD GOLDBERG,1
ISABEL ALLENDE.,1
FRANK DE FELITTA,1
BERNARD DRYER,1
CHLOE BENJAMIN,1
TOM RACHMAN,1
MARC RIVETTE,1
SHEILA BURNFORD,1
ALEKSANDR SOLZHENITSYN,1
RICHARD FREDE,1
V.E. SCHWAB,2
EDWIN LANHAM,1
HEATHER GRAHAM,1
KAREN JOY FOWLER,1
"""ELIZABETH.",1
WRITTEN AND ILLUSTRATED BY DAVID SALTZMAN,1
AMANDA EYRE WARD,1
LION FEUCHWANGER,1
WRITTEN AND ILLUSTRATED BY JANET AND ALLAN AHLBERG,1
RICHARD HAYDN,1
GARY JENNINGS,1
WILLIAM SHATNER WITH JUDITH REEVES-STEVENS AND GARFIELD REEVES-STEVENS,1
GEORGE DAWES GREEN,1
JUN'ICHIRO TANIZAKI,1
JAMES ROLLINS AND GRANT BLACKWOOD,1
MARCIE WALSH WITH MICHAEL MALONE,1
KENNETH DODSON,1
NOEL BEHN,1
BRUNONIA BARRY,1
CONRAD RICHTER,2
ELEANOR PALFFY,1
LINDSAY ELLIS,1
VANESSA DIFFENBAUGH,1
JAMES G. COZZENS,1
PAUL ERDMAN,3
JULIE CLARK,1
LEE SMITH,1
MEGAN MIRANDA,1
ANDRE SCHWARZ-BART,1
TIM LAHAYE AND GREG DINALLO,1
DOMINIC SMITH,1
GEORGE SANTAYANA,1
TARA CONKLIN,1
NANCY JOOYOUN KIM,1
RAYMOND KHOURY,3
JOSEPH VIERTEL,1
ANN HELLESBUSCH HEBSON,1
ROGER VAILLAND,1
REX STOUT,1
WILLIAM E. BARRETT,2
TAWNI O'DELL,1
GUISEPPE DI LAMPEDUSA,1
JOAN RIVERS,1
CHARLOTTE ROGAN,1
M. L. STEDMAN,1
ELIZABETH SPENCER,2
HAMILTON BASSO,2
JOSEPH KESSEL,1
FIONA DAVIS,1
NINA GEORGE,1
EDNA O'BRIEN,1
RAYMOND CHANDLER,1
GIOVANNI GUARESCHI,1
ANNIE DILLARD,2
LOUIS L'AMOUR.,1
TERRY PRATCHETT AND STEPHEN BAXTER,1
JOHN SEDGES,1
FRANS G. BENGTSSON,1
JOHN LE CARRÉ,2
GORDON MERRICK,1
MEGHA MAJUMDAR,1
JOHN GUNTHER,1
JACK CAMPBELL,1
JANE HARPER,1
DANA STABENOW,2
J. M. DILLARD,1
MARGUERITE DURAS,1
VIRGINIA ROWANS,1
JHUMPA LAHIRI,3
ELEANOR CATTON,1
ELENA FERRANTE,1
ROBERT CARSON,1
LEV GROSSMAN,3
LUCY HERNDON CROCKETT,1
HENNING MANKELL,2
H.F.M. PRESCOTT,1
MARILYN DURHAM,1
ROBERT ST. JOHN,1
NANCY BRUFF,1
RICHARD CONDON,2
SIMONE DE BEAUVOIR,1
HOLLY PETERSON,1
JEFFREY EUGENIDES,1
RACHEL KUSHNER,1
RICHARD E. KIM,1
MAZ DE LA ROCHE,1
CLIVE CUSSLER AND THOMAS PERRY,2
STERLING QUINLAN,1
MATT HAIG,1
GAY COURTER,1
GARY TROUP,1
RUSSELL JANNEY,1
MARION ZIMMER BRADLEY,1
SOPHIE HANNAH,1
JETTA CARLETON,1
SUSAN GLASPELL,1
CLAIRE LOMBARDO,1
BRIT BENNETT,2
HAN SUYIN,1
THEODORE H. WHITE,2
LADY ELEANOR SMITH,1
DENNIS MCFARLAND,1
PHYLLIS GORDON DEMAREST,1
UMBERTO ECO.,1
EMMA MCLAUGHLIN AND NICOLA KRAUS,1
W. SOMESET MAUGHAM,1
RICHARD FLANAGAN,1
VIRGINIA EGGERTSEN SORENSEN,1
CYNTHIA D'APRIX SWEENEY,1
FRANK HOUGH,1
MICHAEL ENDE,1
KATHY TYERS,2
WALTER JON WILLIAMS,1
COLSON WHITEHEAD,3
CLEMENT MOORE. ILLUSTRATED BY JAN BRETT,1
ERIN MORGENSTERN,2
GEORGE PELECANOS,1
HANS KIRST,1
YANGSZE CHOO,1
NATHAN HILL,1
PAR LAGERKVIST,1
NATHANIEL BENCHLEY,1
THOMAS FLEMING,1
SHOLOM ALEICHEM,1
CARLOS FUENTES,1
AVERY CORMAN,1
MARIE BENEDICT,1
ADAM JOHNSON,1
MARY KUBICA,1
ANNIE PROULX,1
RICHARD A. WRIGHT,1
MILLEN BRAND,1
RICHARD POWERS,1
ELIZABETH PETERS AND JOAN HESS,1
DAVID FOSTER WALLACE,1
PETE DEXTER,1
ROBERT HICHENS,1
SUSAN ELIA MACNEAL,1
AIMEE BENDER,1
ROSALIND ERSKINE,1
SARAH WATERS,1
MARQUIS WILLIAM CHILDS,1
AIMEE MOLLOY,1
KATHERINE HOWE,1
JANICE Y. K. LEE,1
P.H. NEWBY,1
DOROTHY ERSKINE AND PATRICK DENNIS,1
HAROLD ROBBINS.,1
OVID WILLIAMS PIERCE,1
FRIEDRICH DUERRENMATT,1
ERNEST GEBLER,1
WRITTEN AND ILLUSTRATED BY CHRIS VAN ALLSBURG,1
LIONEL SHRIVER,1
JAMES PATTERSON AND LIZA MARKLUND,1
NAOMI ALDERMAN,1
BILL CLINTON AND JAMES PATTERSON,1
ROBERT J. SERLING,1
GLADYS ROCKMORE DAVIS,1
PAT CONROY.,1
CARLOS RUIZ ZAFON,1
JEFFERY ARCHER,1
NANCY HALE,2
PHILLIP ROTH,1
ROBERT COOVER,1
MILDRED WALKER,2
MICHAEL CRICHTON WRITING AS JEFFERY HUDSON,1
ALEXANDER CORDELL,1
ANTHONY HYDE,1
HAYWOOD SMITH,1
JOHN GREGORY  DUNNE,1
RICHARD BACHMAN,3
WILLIAM SHATNER WITH JUDITH AND GARFIELD REEVES-STEVENS,1
LEO ROSTEN,1
DEEPAK CHOPRA,2
JASON MOTT,1
CREATED BY BILL ADLER AND WRITTEN BY THOMAS CHASTAIN,2
NEAL STEPHENSON AND NICOLE GALLAND,1
TENNESSEE WILLIAMS,1
GRAEME SIMSION,1
G. B. STERN,1
SCOTT SMITH,1
IAN CALDWELL AND DUSTIN THOMASON,1
JOSH BAZELL,1
BETTE MIDLER,1
NIVEN BUSCH,2
RICHARD MCKENNA,1
C. S. FORRESTER,1
IAN STUART,1
ALAN LEMAY,1
CHARLES BOCK,1
JOHN PHILLIPS,1
STEVE HAMILTON,1
MARK FROST,2
CAROLYN HENNESY,1
DIANE MILLER,1
TIM LAHAYE AND BOB PHILLIPS,1
JESS WALTER,1
JAVIER SIERRA,1
LARA PRESCOTT,1
EMILY EDEN,1
DREW PEARSON,1
LEE CHILD AND ANDREW CHILD,1
DENNIS MURPHY,1
JON GODDEN,1
EDITED BY NICHOLAS MEYER,1
ANNA SEGHERS,1
GUILLERMO DEL TORO AND DANIEL KRAUS,1
JEAN M.AUEL,1
WIN BROOKS,1
A.N. ROQUELAURE,1
ALEXANDER FEDOROFF,1
ALEX MICHAELIDES,1
ROBERT REYNOLDS,1
LIONEL SHAPIRO,1
PETER V. BRETT,1
ROSELLEN BROWN,1
H.H. LYNDE,1
STUART DAVID ENGSTRAND,1
PATRICK ROTHFUSS,2
ALEX WALSH. ILLUSTRATED BY JESSE CLAY,1
S. J. WATSON,1
MARY JANE WARD,1
CHRISTOPHER RICE,2
MARJORIE KINNAN RAWLINGS,3
PHILIPP MEYER,1
JOHAN FABRICIUS,1
BRUCE CHATWIN,1
NICCOLO TUCCI,1
YUKIO MISHIMA,1
T. S. STRIBLING,3
JAMES MICHENER,2
GRADY HENDRIX,1
NOAH HAWLEY,1
ARNAUD DE BORCHGRAVE AND ROBERT MOSS,1
WILLIAM GOLDING,1
COMPILED BY MARY S. LOVELL,1
ANNE GOODWIN WINSLOW,1
ZSOLT DE HARSANYI,1
ELIZABETH METZGER HOWARD,1
THEODORE MORRISON,1
GABRIELLE ZEVIN,1
FRANK O'CONNER,1
RAY BRADBURY,1
DAVID WROBLEWSKI,1
NATALIE ANDERSON SCOTT,1
NED CALMER,1
ANN PETRY,1
JOLAN FOLDES,1
HELEN HOWE,2
CHRISTOPHER LA FARGE,1
DORIS LESSING,1
TREVANIAN.,1
SIMONE ST. JAMES,1
SARAH PINBOROUGH,1
EDWARD KELSEY MOORE,1
VINCE FLYNN AND KYLE MILLS,1
MARJORIE CARLETON,1
LESLIE WALLER,1
JOHN GODEY,1
STEPHEN KING AND PETER STRAUB,2
HOWARD BRESLIN,1
JERZY KOSINSKI,1
EDITED BY ARMIN L. ROBINSON,1
THOMAS FLANAGAN,1
LARS KEPLER,1
DASHIELL HAMMETT,1
JULIAN FELLOWES,1
GENERAL SIR JOHN HACKETT AND OTHER TOP-RANKING NATO GENERALS AND ADVISORS,1
EUGENE VALE,1
DIANE SETTERFIELD,1
CATHLEEN SCHINE,1
HERBERT KRAUSE,1
TEA OBREHT,1
HIRAM HAYDN,1
ALICE EKERT-ROTHOLZ,1
GABRIELLE ROY,1
ROSE MACAULAY,1
MARISA DE LOS SANTOS,1
WALTER VAN TILBURG CLARK,1
SHIRLEY HAZZARD,1
JOHN TWELVE HAWKS,1
ANDY ANDREWS,1
ELIZABETH PAGE,1
JOHN KENNETH GALBRAITH,1
VIÑA DELMAR,1
ELISABETH ROBINSON,1
STUART CLOETHE,2
AYANA MATHIS,1
WILLIAM J. LEDERER AND EUGENE BURDICK,1
H.L. HUMES,1
ROSS MACDONALD,1
DOROTHY MACARDLE,1
TESS SLESINGER,2
ALICE GRANT ROSMAN,1
JOYCE HABER,1
HARRY PATTERSON,2
JEAN M. AUEL.,1
JOHN WEITZ,1
INGLIS FLETCHER,2
ANDREW LYTLE,1
WALTER F. MURPHY,1
DOROTHY EDEN,1
TRANSLATED BY SEAMUS HEANEY,1
SUSAN SONTAG,1
ALICE WALWORTH GRAHAM,1
ROBERT KIRKMAN,1
ALISON LURIE,1
MALCOLM BOSSE,1
CARLO LEVI,1
HUGH MACLENNAN,1
TA-NEHISI COATES,1
PAOLO BACIGALUPI,1
JOHN MOORE,1
"A.B. GUTHRIE, JR",1
DAN WICKENDEN,2
JAMES T. FARRELL,1
JASON F. WRIGHT,1
DIANE CAREY,1
ELEANOR BROWN,1
NICHOLAS MEYER,1
ALEX NORTH,1
D.M. THOMAS,1
RICHARD PRICE WRITING AS HARRY BRANDT,1
DAWN POWELL,1
FIONA BARTON,1
SUSAN YORKE,1
ROBERT HICKS,1
WALTER J. BOYNE AND STEVEN L. THOMPSON,1
WRITTEN AND ILLUSTRATED BY JAN BRETT,1
ALICE RANDALL,1
TRYGVE GULBRANSSEN,1
HERBERT GORMAN,1
KATHERINE ARDEN,1
A.J. FINN,1
T. C. BOYLE,1
JESSICA SHATTUCK,1
CHRISTOPHER ISHERWOOD,1
WILLIAM BLAKE,1
RICHARD MASON,1
MARIAN SIMS,1
BRUCE MARSHALL,3
VIRGINIA WOOLF,1
KEVIN POWERS,1
W.SOMERSET MAUGHAM,1
TOMMY ORANGE,1
GARY LARSON,1
ALLIS MCKAY,1
GLENDON SWARTHOUT,2
LONNIE COLEMAN,1
TIFFANY THAYER,2
ALFRED COPPEL,1
ERIC KNIGHT,1
DAVID WONG,1
FEIKE FEIKEMA,1
SHELLEY MYDANS,1
MARY KING O'DONNELL,1
AGNES NEWTON KEITH,1
JOSEPHINE PINCKNEY,1
ANDERS ROSLUND AND BORGE HELLSTROM,1
JAMES PATTERSON AND SHAN SERAFIN,1
! BY JACKIE COLLINS,1
KARLEEN KOEN,1
! BY TERRY PRATCHETT,1
JAMES S.A. COREY,1
EMILIE LORING,2
WILLIAM GOLDMAN,1
TAD WILLIAMS,1
ROBERT HEINLEIN,1
MAURICE HINDUS,1
CHRISTOPHER PAOLINI,1
"NEWT GINGRICH, WILLIAM R. FORSTCHEN AND ALBERT S. HANSER",1
CONNIE BRISCOE,1
JAMIE LEE CURTIS. ILLUSTRATED BY LAURA CORNELL,1
MARIA SEMPLE,3
MIKE MADEN,4
MARC CAMERON,4
GRANT BLACKWOOD,2
JAMES STREET AND JAMES CHILDERS,1
FRANK NORRIS,1
JAMES PATTERSON AND NEIL MCMAHON,1
LISA LUTZ,1
KATHRYN FORBES,1
DENIS JOHNSON,1
DON M. MANKIEWICZ,1
HENRY MILLER,1
MAX WYLIE,1
JEAN-PAUL SARTRE,1
CHARLES PORTIS,1
TED HUGHES,1
ERNEST GANN,1
AL DEWLEN,1
MARJORIE HOLMES,1
"JAMES PATTERSON AND FRANK CONSTANTINI, EMILY RAYMOND AND BRIAN SITTS",1
"JAMES PATTERSON AND FRANK COSTANTINI, EMILY RAYMOND AND BRIAN SITTS",1
IVY COMPTON-BURNETT,1
JAMES JOYCE,1
TOM HANKS,1
NEIL H. SWANSON,1
MARYJANICE DAVIDSON,2
MALCOLM LOWRY,1
JOHN DARNIELLE,2
BEL KAUFMAN,1
ELIZABETH WETMORE,1
JERE PEACOCK,1
JOY PACKER,1
OLIVER LANGE,1
MARLON JAMES,1
IDWAL JONES,1
JOHN KNITTEL,1
CECIL ROBERTS,1
LANA DEL REY,1
BARBARA TAYLOR BRADFORD.,1
DAVID WESTHEIMER,1
NICHOLSON BAKER,1
STERLING HAYDEN,1
GREG WEISMAN,1
W. E.B. GRIFFIN,1
WHITLEY STRIEBER AND JAMES W. KUNETKA,1
JO SINCLAIR,1
JANELLE BROWN,1
GEOFFREY HOUSEHOLD,1
MATTHEW THOMAS,1
SHIRLEY JACKSON,1
JENNY OFFILL,1
MAURICE SAMUEL,1
! BY FANNIE FLAGG,1
MARGARET AYER BARNES,3
MARIA SHRIVER. ILLUSTRATED BY SANDRA SPEIDEL,1
OTIS CARNEY,1
HAL BORLAND,1
? BY JIMMY BUFFETT,1
DELIA OWENS,1
CHANDLER BAKER,1
MARITTA WOLF,1
KRISTEN BRITAIN,1
SUSIE YANG,1
ERIC V. LUSTBADER,1
JANET FITCH,1
LOUISE A. STINETORF,1
REX WARNER,1
JOHN LEGGETT,1
JIM MORRISON,1
JOSEPHINE W. JOHNSON,1
IAN DOESCHER,3
SIDNEY SHELDON.,1
HAROLD LENOIR DAVIS,1
A.A. MILNEI,1
CRAIG THOMAS,1
JONATHAN WINTERS,1
MARGARET CAMPBELL BARNES,1
HOLLISTER NOBLE,1
ANNE TOLSTOI WALLACH,1
FRANCES MALM,1
LILY KING,1
REBECCA WELLS,1
MARIA DERMOUT,1
CHUCK BARRIS,1
ADAM HASLETT,1
RITA VERCORS,1
JEAN HANFF KORELITZ,1
V. E. SCHWAB,1
HEINRICH MANN,1
ERNIE KOVACS,1
STEPHEN BECKER,1
ANNE LAMOTT,1
TOM HEGG,1
GAEL GREENE,1
LEGETTE BLYTHE,1
TOM HEGG. ILLUSTRATED BY WARREN HANSON,1
MARRIJANE AND JOSEPH HAYES,1
ROBERT GOVER,1
ANTHONY POWELL,1
MARGARET ECHARD,1
CHARLES NORDHOFF AND JAMES NORMAN HALL,1
BRADDA FIELD,1
JAMES FREY,1
JULIA PETERKIN,1
B.A. PARIS,1
W.E.B. GRIFFIN AND WILLIAM E. BUTTERWORTH,1
CLEMANCE DANE,1
CHRISTOPHER PAUL CURTIS,1
ROBERT HARDY ANDREWS,1
HELEN HOOVEN SANTMYER,1
JAMES AGEE,1
EDAN LEPUCKI,1
GEORGE HOWE,1
? BY SOPHIE KINSELLA,1
TERRY SOUTHERN AND MASON HOFFENBERG,1
LALITA TADEMY,1
ANDREW TULLY,1
XAVIER HERBERT,1
SAMUEL SHELLABURGER,1
SHIRLEY SEIFERT,1
LEO CALVIN ROSTEN,1
COMMANDER EDWARD ELLISBERG,1
LOIS MCMASTER BUJOLD,1
NIGEL DENNIS,1
ALEXANDRA DAY,1
CECIL ST. LAURENT,1
WALTER KARIG,1
ARTHUR QUILLER-COUCH AND DAPHNE DU MAURIER,1
RUTH FEINER,1
PAMELA HANSFORD JOHNSON,1
DOROTHY ALLISON,1
THOMAS THOMPSON,1
AMANDA GOLDBERG AND RUTHANNA KHALIGHI HOPPER,1
ALBERT E. IDELL,1
PAUL HORGAN,1
FRANK TILSLEY,1